Variable,Type,NumUniqueValues,Variable_Type,Num Unique Values,Non Missing,Missing_N,Missing_P,Above 0,Positive Above 0,Negative Above 0,Above0_P,Positive Above0_P,Negative Above0_P,Mean above 0,Positive Mean above 0,Negative Mean above 0,Precision,Above0_Diff,Percentage Mean Difference above 0,Correlation,Abs_Correlation,p-value,p-value corrected,Diagnostic Odds,Positive Min above 0,Positive P10 above 0,Positive P25 above 0,Positive P50 above 0,Positive P75 above 0,Positive P90 above 0,Positive Max above 0,Negative Min above 0,Negative P10 above 0,Negative P25 above 0,Negative P50 above 0,Negative P75 above 0,Negative P90 above 0,Negative Max above 0
patient_id,key,5252,NA,5252,5252,0,0,5252,276,4976,1,1,1,810344126.8606246,801247304.6376811,810848693.3665595,0.05255140898705255,0,0.011848532506893548,-0.00108,0.00108,0.93769,0.9932016339869281,NaN,29658787,137374804,367367251.5,760395383.5,1195385049.5,1452561694.5,1884694217,29445604,132013437.5,354857019.75,745101525,1212020488.25,1502436781,2651846992
metac_site_bladder_cancer,numerical,2,NA,2,5252,0,0,70,2,68,0.013328255902513329,0.007246376811594203,0.013665594855305467,1,1,1,0.02857142857142857,0.006419218043711264,0,-0.01249,0.01249,0.36546,0.9514983333333334,0.5268355517389437,1,1,1,1,1,1,1,1,1,1,1,1,1,1
metac_site_bone_connective_tissue_cancer,numerical,2,NA,2,5252,0,0,3581,238,3343,0.6818354912414318,0.8623188405797102,0.6718247588424437,1,1,1,0.0664618821558224,0.19049408173726645,0,0.09126,0.09126,0,0,3.0594486515421067,1,1,1,1,1,1,1,1,1,1,1,1,1,1
metac_site_brain_nervous_system_cancer,numerical,2,NA,2,5252,0,0,121,1,120,0.02303884234577304,0.0036231884057971015,0.024115755627009645,1,1,1,0.008264462809917356,0.020492567221212545,0,-0.03048,0.03048,0.02719,0.54719875,0.14715151515151514,1,1,1,1,1,1,1,1,1,1,1,1,1,1
metac_site_breast_cancer,numerical,2,NA,2,5252,0,0,25,2,23,0.00476009139375476,0.007246376811594203,0.004622186495176849,1,1,1,0.08,0.0026241903164173543,0,0.00851,0.00851,0.53763,0.9514983333333334,1.5718819422405585,1,1,1,1,1,1,1,1,1,1,1,1,1,1
metac_site_colorectal_cancer_crc,numerical,2,NA,2,5252,0,0,28,0,28,0.005331302361005331,0,0.005627009646302251,1,NaN,1,0,0.005627009646302251,NaN,-0.01724,0.01724,0.21154,0.9514983333333334,0,Inf,NA,NA,NA,NA,NA,-Inf,1,1,1,1,1,1,1
metac_site_head_neck_cancer,numerical,2,NA,2,5252,0,0,63,2,61,0.011995430312261995,0.007246376811594203,0.012258842443729904,1,1,1,0.031746031746031744,0.005012465632135701,0,-0.01027,0.01027,0.45664,0.9514983333333334,0.5881297116190021,1,1,1,1,1,1,1,1,1,1,1,1,1,1
metac_site_kidney_cancer,numerical,2,NA,2,5252,0,0,4,0,4,7.616146230007616e-4,0,8.038585209003215e-4,1,NaN,1,0,8.038585209003215e-4,NaN,-0.0065,0.0065,0.63757,0.9514983333333334,0,Inf,NA,NA,NA,NA,NA,-Inf,1,1,1,1,1,1,1
metac_site_liver_cancer,numerical,2,NA,2,5252,0,0,264,2,262,0.05026656511805026,0.007246376811594203,0.05265273311897106,1,1,1,0.007575757575757576,0.04540635630737686,0,-0.04637,0.04637,7.8e-4,0.041859999999999994,0.1313311416949908,1,1,1,1,1,1,1,1,1,1,1,1,1,1
metac_site_lung_cancer,numerical,2,NA,2,5252,0,0,169,3,166,0.03217821782178218,0.010869565217391304,0.033360128617363344,1,1,1,0.01775147928994083,0.02249056339997204,0,-0.02844,0.02844,0.03932,0.6087263636363637,0.31841652323580033,1,1,1,1,1,1,1,1,1,1,1,1,1,1
metac_site_other_cancer,numerical,2,NA,2,5252,0,0,920,26,894,0.17517136329017516,0.09420289855072464,0.17966237942122187,1,1,1,0.02826086956521739,0.08545948087049723,0,-0.05017,0.05017,2.8e-4,0.022539999999999998,0.4748635346756152,1,1,1,1,1,1,1,1,1,1,1,1,1,1
metac_site_skin_cancer,numerical,2,NA,2,5252,0,0,7,0,7,0.0013328255902513328,0,0.0014067524115755627,1,NaN,1,0,0.0014067524115755627,NaN,-0.0086,0.0086,0.53303,0.9514983333333334,0,Inf,NA,NA,NA,NA,NA,-Inf,1,1,1,1,1,1,1
onc_ecog1,numerical,5,NA,5,404,4848,0.9230769230769231,233,17,216,0.04436405178979436,0.06159420289855073,0.04340836012861737,1.2231759656652361,1.1764705882352942,1.2268518518518519,0.07296137339055794,0.01818584276993336,0.041188892711080505,0.02378,0.02378,0.63368,0.9514983333333334,1.4166666666666667,1,1,1,1,1,1.4000000000000004,3,1,1,1,1,1,2,3
onc_ecog10,numerical,4,NA,4,46,5206,0.9912414318354913,26,1,25,0.0049504950495049506,0.0036231884057971015,0.00502411575562701,1.1153846153846154,1,1.12,0.038461538461538464,0.0014009273498299083,0.10758620689655182,-0.04058,0.04058,0.78889,0.9514983333333334,0.76,1,1,1,1,1,1,1,1,1,1,1,1,1.6000000000000014,2
onc_ecog11,numerical,4,NA,4,37,5215,0.9929550647372429,20,0,20,0.003808073115003808,0,0.0040192926045016075,1.15,NaN,1.15,0,0.0040192926045016075,NaN,-0.17386,0.17386,0.30341,0.9514983333333334,0,Inf,NA,NA,NA,NA,NA,-Inf,1,1,1,1,1,2,2
onc_ecog12,numerical,4,NA,4,32,5220,0.993907083015994,16,0,16,0.0030464584920030465,0,0.003215434083601286,1.1875,NaN,1.1875,0,0.003215434083601286,NaN,NA,NA,NA,NA,NaN,Inf,NA,NA,NA,NA,NA,-Inf,1,1,1,1,1,2,2
onc_ecog13,numerical,4,NA,4,29,5223,0.9944782939832445,17,0,17,0.003236862147753237,0,0.0034163987138263667,1.0588235294117647,NaN,1.0588235294117647,0,0.0034163987138263667,NaN,NA,NA,NA,NA,NaN,Inf,NA,NA,NA,NA,NA,-Inf,1,1,1,1,1,1,2
onc_ecog14,numerical,4,NA,4,27,5225,0.9948591012947449,14,0,14,0.0026656511805026656,0,0.0028135048231511255,1.0714285714285714,NaN,1.0714285714285714,0,0.0028135048231511255,NaN,NA,NA,NA,NA,NaN,Inf,NA,NA,NA,NA,NA,-Inf,1,1,1,1,1,1,2
onc_ecog15,numerical,4,NA,4,21,5231,0.996001523229246,11,0,11,0.0020944402132520943,0,0.0022106109324758843,1.0909090909090908,NaN,1.0909090909090908,0,0.0022106109324758843,NaN,NA,NA,NA,NA,NaN,Inf,NA,NA,NA,NA,NA,-Inf,1,1,1,1,1,1,2
onc_ecog16,numerical,4,NA,4,15,5237,0.9971439451637472,9,0,9,0.0017136329017517135,0,0.0018086816720257234,1.1111111111111112,NaN,1.1111111111111112,0,0.0018086816720257234,NaN,NA,NA,NA,NA,NaN,Inf,NA,NA,NA,NA,NA,-Inf,1,1,1,1,1,1.1999999999999993,2
onc_ecog17,numerical,4,NA,4,14,5238,0.9973343488194973,9,0,9,0.0017136329017517135,0,0.0018086816720257234,1.1111111111111112,NaN,1.1111111111111112,0,0.0018086816720257234,NaN,NA,NA,NA,NA,NaN,Inf,NA,NA,NA,NA,NA,-Inf,1,1,1,1,1,1.1999999999999993,2
onc_ecog18,numerical,4,NA,4,13,5239,0.9975247524752475,7,0,7,0.0013328255902513328,0,0.0014067524115755627,1.1428571428571428,NaN,1.1428571428571428,0,0.0014067524115755627,NaN,NA,NA,NA,NA,NaN,Inf,NA,NA,NA,NA,NA,-Inf,1,1,1,1,1,1.4000000000000004,2
onc_ecog19,numerical,4,NA,4,12,5240,0.9977151561309977,6,0,6,0.0011424219345011425,0,0.0012057877813504824,1.1666666666666667,NaN,1.1666666666666667,0,0.0012057877813504824,NaN,NA,NA,NA,NA,NaN,Inf,NA,NA,NA,NA,NA,-Inf,1,1,1,1,1,1.5,2
onc_ecog2,numerical,5,NA,5,198,5054,0.9623000761614623,110,6,104,0.020944402132520943,0.021739130434782608,0.02090032154340836,1.2727272727272727,1.1666666666666667,1.2788461538461537,0.05454545454545454,8.388088913742486e-4,0.08814102564102551,-0.0152,0.0152,0.83166,0.952027902097902,0.9576923076923077,1,1,1,1,1,1.5,2,1,1,1,1,1,2,3
onc_ecog20,numerical,4,NA,4,10,5242,0.9980959634424981,7,0,7,0.0013328255902513328,0,0.0014067524115755627,1.1428571428571428,NaN,1.1428571428571428,0,0.0014067524115755627,NaN,NA,NA,NA,NA,NaN,Inf,NA,NA,NA,NA,NA,-Inf,1,1,1,1,1,1.4000000000000004,2
onc_ecog21,numerical,3,NA,3,9,5243,0.9982863670982483,5,0,5,9.52018278750952e-4,0,0.0010048231511254019,1,NaN,1,0,0.0010048231511254019,NaN,NA,NA,NA,NA,NaN,Inf,NA,NA,NA,NA,NA,-Inf,1,1,1,1,1,1,1
onc_ecog22,numerical,3,NA,3,8,5244,0.9984767707539984,4,0,4,7.616146230007616e-4,0,8.038585209003215e-4,1,NaN,1,0,8.038585209003215e-4,NaN,NA,NA,NA,NA,NaN,Inf,NA,NA,NA,NA,NA,-Inf,1,1,1,1,1,1,1
onc_ecog23,numerical,3,NA,3,7,5245,0.9986671744097486,4,0,4,7.616146230007616e-4,0,8.038585209003215e-4,1,NaN,1,0,8.038585209003215e-4,NaN,NA,NA,NA,NA,NaN,Inf,NA,NA,NA,NA,NA,-Inf,1,1,1,1,1,1,1
onc_ecog24,numerical,3,NA,3,6,5246,0.9988575780654989,5,0,5,9.52018278750952e-4,0,0.0010048231511254019,1,NaN,1,0,0.0010048231511254019,NaN,NA,NA,NA,NA,NaN,Inf,NA,NA,NA,NA,NA,-Inf,1,1,1,1,1,1,1
onc_ecog25,numerical,3,NA,3,6,5246,0.9988575780654989,3,0,3,5.712109672505713e-4,0,6.028938906752412e-4,1,NaN,1,0,6.028938906752412e-4,NaN,NA,NA,NA,NA,NaN,Inf,NA,NA,NA,NA,NA,-Inf,1,1,1,1,1,1,1
onc_ecog26,numerical,3,NA,3,5,5247,0.9990479817212491,3,0,3,5.712109672505713e-4,0,6.028938906752412e-4,1,NaN,1,0,6.028938906752412e-4,NaN,NA,NA,NA,NA,NaN,Inf,NA,NA,NA,NA,NA,-Inf,1,1,1,1,1,1,1
onc_ecog27,numerical,3,NA,3,3,5249,0.9994287890327495,2,0,2,3.808073115003808e-4,0,4.0192926045016077e-4,1,NaN,1,0,4.0192926045016077e-4,NaN,NA,NA,NA,NA,NaN,Inf,NA,NA,NA,NA,NA,-Inf,1,1,1,1,1,1,1
onc_ecog28,numerical,3,NA,3,3,5249,0.9994287890327495,1,0,1,1.904036557501904e-4,0,2.0096463022508038e-4,1,NaN,1,0,2.0096463022508038e-4,NaN,NA,NA,NA,NA,NaN,Inf,NA,NA,NA,NA,NA,-Inf,1,1,1,1,1,1,1
onc_ecog29,numerical,3,NA,3,3,5249,0.9994287890327495,2,0,2,3.808073115003808e-4,0,4.0192926045016077e-4,1,NaN,1,0,4.0192926045016077e-4,NaN,NA,NA,NA,NA,NaN,Inf,NA,NA,NA,NA,NA,-Inf,1,1,1,1,1,1,1
onc_ecog3,numerical,4,NA,4,142,5110,0.9729626808834729,78,2,76,0.01485148514851485,0.007246376811594203,0.01527331189710611,1.1666666666666667,1,1.1710526315789473,0.02564102564102564,0.008026935085511906,0.14661654135338342,-0.06828,0.06828,0.41944,0.9514983333333334,0.5350877192982456,1,1,1,1,1,1,1,1,1,1,1,1,2,2
onc_ecog30,numerical,3,NA,3,3,5249,0.9994287890327495,2,0,2,3.808073115003808e-4,0,4.0192926045016077e-4,1,NaN,1,0,4.0192926045016077e-4,NaN,NA,NA,NA,NA,NaN,Inf,NA,NA,NA,NA,NA,-Inf,1,1,1,1,1,1,1
onc_ecog4,numerical,4,NA,4,111,5141,0.9788651942117289,57,2,55,0.010853008377760853,0.007246376811594203,0.011053054662379422,1.1578947368421053,1,1.1636363636363636,0.03508771929824561,0.003806677850785219,0.14132231404958673,0.03192,0.03192,0.73949,0.9514983333333334,1.9272727272727272,1,1,1,1,1,1,1,1,1,1,1,1,2,2
onc_ecog5,numerical,4,NA,4,88,5164,0.9832444782939832,51,3,48,0.00971058644325971,0.010869565217391304,0.00964630225080386,1.1372549019607843,1,1.1458333333333333,0.058823529411764705,0.0012232629665874448,0.12823275862068959,0.12401,0.12401,0.24967,0.9514983333333334,Inf,1,1,1,1,1,1,1,1,1,1,1,1,2,2
onc_ecog6,numerical,4,NA,4,77,5175,0.9853389185072353,41,3,38,0.007806549885757807,0.010869565217391304,0.007636655948553055,1.2682926829268293,1.3333333333333333,1.263157894736842,0.07317073170731707,0.0032329092688382494,0.055330634278002694,0.19156,0.19156,0.09512,0.8725395,Inf,1,1,1,1,1.5,1.7999999999999998,2,1,1,1,1,1.75,2,2
onc_ecog7,numerical,4,NA,4,69,5183,0.9868621477532369,32,2,30,0.006092916984006093,0.007246376811594203,0.006028938906752411,1.21875,1,1.2333333333333334,0.0625,0.0012174379048417918,0.1914529914529915,0.05594,0.05594,0.64798,0.9514983333333334,2.4,1,1,1,1,1,1,1,1,1,1,1,1,2,2
onc_ecog8,numerical,4,NA,4,59,5193,0.9887661843107388,31,1,30,0.005902513328255902,0.0036231884057971015,0.006028938906752411,1.1935483870967742,1,1.2,0.03225806451612903,0.0024057505009553097,0.16756756756756752,-0.02739,0.02739,0.83683,0.952027902097902,0.9,1,1,1,1,1,1,1,1,1,1,1,1,2,2
onc_ecog9,numerical,4,NA,4,51,5201,0.9902894135567403,32,1,31,0.006092916984006093,0.0036231884057971015,0.006229903536977492,1.1875,2,1.1612903225806452,0.03125,0.0026067151311803907,0.7062818336162987,0.04943,0.04943,0.73052,0.9514983333333334,0.5806451612903226,2,2,2,2,2,2,2,1,1,1,1,1,2,2
onc_ecog_date10_index_dd,numerical,44,Date_Difference,44,46,5206,0.9912414318354913,46,2,44,0.008758568164508759,0.007246376811594203,0.008842443729903537,298.45652173913044,466.5,290.8181818181818,0.043478260869565216,0.0015960669183093341,0.5886345426734384,0.19273,0.19273,0.19941,0.9514983333333334,NaN,324,352.5,395.25,466.5,537.75,580.4999999999999,609,34,97.30000000000001,140.25,222,438.25,634.8000000000001,699
onc_ecog_date11_index_dd,numerical,37,Date_Difference,37,37,5215,0.9929550647372429,37,1,36,0.007044935262757045,0.0036231884057971015,0.007234726688102894,307.97297297297297,345,306.94444444444446,0.02702702702702703,0.003611538282305792,0.12356784164594604,0.09366,0.09366,0.58136,0.9514983333333334,NaN,345,345,345,345,345,345,345,41,102.5,140.75,251,469.5,581,715
onc_ecog_date12_index_dd,numerical,33,Date_Difference,33,32,5220,0.993907083015994,32,0,32,0.006092916984006093,0,0.006430868167202572,322.5,NaN,322.5,0,0.006430868167202572,NaN,NA,NA,NA,NA,NaN,Inf,NA,NA,NA,NA,NA,-Inf,43,115.2,128.75,275,509.5,661.9,726
onc_ecog_date13_index_dd,numerical,30,Date_Difference,30,29,5223,0.9944782939832445,29,0,29,0.005521706016755522,0,0.005827974276527331,310.6896551724138,NaN,310.6896551724138,0,0.005827974276527331,NaN,NA,NA,NA,NA,NaN,Inf,NA,NA,NA,NA,NA,-Inf,46,112.6,134,294,403,577.9999999999999,718
onc_ecog_date14_index_dd,numerical,28,Date_Difference,28,27,5225,0.9948591012947449,27,0,27,0.005140898705255141,0,0.005426045016077171,310.962962962963,NaN,310.962962962963,0,0.005426045016077171,NaN,NA,NA,NA,NA,NaN,Inf,NA,NA,NA,NA,NA,-Inf,47,115.60000000000001,156.5,272,417.5,589.6000000000001,683
onc_ecog_date15_index_dd,numerical,22,Date_Difference,22,21,5231,0.996001523229246,21,0,21,0.003998476770753999,0,0.0042202572347266884,351.2857142857143,NaN,351.2857142857143,0,0.0042202572347266884,NaN,NA,NA,NA,NA,NaN,Inf,NA,NA,NA,NA,NA,-Inf,48,112,197,361,477,620,690
onc_ecog_date16_index_dd,numerical,16,Date_Difference,16,15,5237,0.9971439451637472,15,0,15,0.0028560548362528563,0,0.0030144694533762056,356.06666666666666,NaN,356.06666666666666,0,0.0030144694533762056,NaN,NA,NA,NA,NA,NaN,Inf,NA,NA,NA,NA,NA,-Inf,93,141.40000000000003,196.5,286,524.5,661,718
onc_ecog_date17_index_dd,numerical,14,Date_Difference,14,14,5238,0.9973343488194973,14,0,14,0.0026656511805026656,0,0.0028135048231511255,350.2857142857143,NaN,350.2857142857143,0,0.0028135048231511255,NaN,NA,NA,NA,NA,NaN,Inf,NA,NA,NA,NA,NA,-Inf,100,145.39999999999998,213.75,293,465,666.1000000000001,697
onc_ecog_date18_index_dd,numerical,14,Date_Difference,14,13,5239,0.9975247524752475,13,0,13,0.0024752475247524753,0,0.002612540192926045,357.6923076923077,NaN,357.6923076923077,0,0.002612540192926045,NaN,NA,NA,NA,NA,NaN,Inf,NA,NA,NA,NA,NA,-Inf,106,159.8,238,300,424,641,695
onc_ecog_date19_index_dd,numerical,13,Date_Difference,13,12,5240,0.9977151561309977,12,0,12,0.002284843869002285,0,0.002411575562700965,368,NaN,368,0,0.002411575562700965,NaN,NA,NA,NA,NA,NaN,Inf,NA,NA,NA,NA,NA,-Inf,162,197.6,282.5,307.5,425.5,635.8000000000001,702
onc_ecog_date1_index_dd,numerical,123,Date_Difference,123,404,4848,0.9230769230769231,289,18,271,0.05502665651180503,0.06521739130434782,0.05446141479099678,70.68858131487889,80.16666666666667,70.0590405904059,0.06228373702422145,0.010755976513351043,0.14298810201377274,-0.01326,0.01326,0.79048,0.9514983333333334,0.8883763837638378,1,1.7000000000000002,9.25,20.5,102.25,210.3000000000002,440,1,4,7,24,80,168,617
onc_ecog_date20_index_dd,numerical,10,Date_Difference,10,10,5242,0.9980959634424981,10,0,10,0.001904036557501904,0,0.0020096463022508037,407.8,NaN,407.8,0,0.0020096463022508037,NaN,NA,NA,NA,NA,NaN,Inf,NA,NA,NA,NA,NA,-Inf,182,198.2,301.25,385,457.75,689.2,709
onc_ecog_date21_index_dd,numerical,10,Date_Difference,10,9,5243,0.9982863670982483,9,0,9,0.0017136329017517135,0,0.0018086816720257234,436.22222222222223,NaN,436.22222222222223,0,0.0018086816720257234,NaN,NA,NA,NA,NA,NaN,Inf,NA,NA,NA,NA,NA,-Inf,183,207.8,324,461,501,704,716
onc_ecog_date22_index_dd,numerical,9,Date_Difference,9,8,5244,0.9984767707539984,8,0,8,0.0015232292460015233,0,0.001607717041800643,427.625,NaN,427.625,0,0.001607717041800643,NaN,NA,NA,NA,NA,NaN,Inf,NA,NA,NA,NA,NA,-Inf,190,216.60000000000002,321,434,526,593.5,723
onc_ecog_date23_index_dd,numerical,8,Date_Difference,8,7,5245,0.9986671744097486,7,0,7,0.0013328255902513328,0,0.0014067524115755627,411.2857142857143,NaN,411.2857142857143,0,0.0014067524115755627,NaN,NA,NA,NA,NA,NaN,Inf,NA,NA,NA,NA,NA,-Inf,197,231.8,313.5,408,526.5,556.2,594
onc_ecog_date24_index_dd,numerical,7,Date_Difference,7,6,5246,0.9988575780654989,6,0,6,0.0011424219345011425,0,0.0012057877813504824,420,NaN,420,0,0.0012057877813504824,NaN,NA,NA,NA,NA,NaN,Inf,NA,NA,NA,NA,NA,-Inf,211,244,304.25,411,550,605,622
onc_ecog_date25_index_dd,numerical,7,Date_Difference,7,6,5246,0.9988575780654989,6,0,6,0.0011424219345011425,0,0.0012057877813504824,460,NaN,460,0,0.0012057877813504824,NaN,NA,NA,NA,NA,NaN,Inf,NA,NA,NA,NA,NA,-Inf,218,251.5,317.25,467,613.75,661.5,678
onc_ecog_date26_index_dd,numerical,6,Date_Difference,6,5,5247,0.9990479817212491,5,0,5,9.52018278750952e-4,0,0.0010048231511254019,470.8,NaN,470.8,0,0.0010048231511254019,NaN,NA,NA,NA,NA,NaN,Inf,NA,NA,NA,NA,NA,-Inf,224,252.4,295,442,680,699.8,713
onc_ecog_date27_index_dd,numerical,4,Date_Difference,4,3,5249,0.9994287890327495,3,0,3,5.712109672505713e-4,0,6.028938906752412e-4,328.6666666666667,NaN,328.6666666666667,0,6.028938906752412e-4,NaN,NA,NA,NA,NA,NaN,Inf,NA,NA,NA,NA,NA,-Inf,232,246.60000000000002,268.5,305,377,420.2,449
onc_ecog_date28_index_dd,numerical,4,Date_Difference,4,3,5249,0.9994287890327495,3,0,3,5.712109672505713e-4,0,6.028938906752412e-4,405,NaN,405,0,6.028938906752412e-4,NaN,NA,NA,NA,NA,NaN,Inf,NA,NA,NA,NA,NA,-Inf,239,254.6,278,317,488,590.6,659
onc_ecog_date29_index_dd,numerical,4,Date_Difference,4,3,5249,0.9994287890327495,3,0,3,5.712109672505713e-4,0,6.028938906752412e-4,426.6666666666667,NaN,426.6666666666667,0,6.028938906752412e-4,NaN,NA,NA,NA,NA,NaN,Inf,NA,NA,NA,NA,NA,-Inf,253,269,293,333,513.5,621.8,694
onc_ecog_date2_index_dd,numerical,128,Date_Difference,128,198,5054,0.9623000761614623,198,11,187,0.0376999238385377,0.03985507246376811,0.03758038585209003,122.1969696969697,139.45454545454547,121.18181818181819,0.05555555555555555,0.002274686611678081,0.14953502789832615,0.02971,0.02971,0.67781,0.9514983333333334,NaN,7,25,29.5,80,245,338,378,1,14.600000000000001,33.5,59,149.5,331.40000000000003,720
onc_ecog_date30_index_dd,numerical,4,Date_Difference,4,3,5249,0.9994287890327495,3,0,3,5.712109672505713e-4,0,6.028938906752412e-4,439,NaN,439,0,6.028938906752412e-4,NaN,NA,NA,NA,NA,NaN,Inf,NA,NA,NA,NA,NA,-Inf,266,281,303.5,341,525.5,636.1999999999999,710
onc_ecog_date3_index_dd,numerical,112,Date_Difference,112,142,5110,0.9729626808834729,142,5,137,0.02703731911652704,0.018115942028985508,0.027532154340836012,164.25352112676057,162.4,164.32116788321167,0.035211267605633804,0.009416212311850504,0.011696357375066737,0.03822,0.03822,0.65157,0.9514983333333334,NaN,61,70.2,84,111,171,299.3999999999999,385,4,27.6,54,96,245,400.4000000000002,727
onc_ecog_date4_index_dd,numerical,92,Date_Difference,92,111,5141,0.9788651942117289,111,3,108,0.021134805788271135,0.010869565217391304,0.021704180064308683,197.36036036036037,189,197.59259259259258,0.02702702702702703,0.01083461484691738,0.04353758058053483,0.03034,0.03034,0.75189,0.9514983333333334,NaN,91,111.39999999999999,142,193,238,265,283,9,41.400000000000006,78.5,140.5,288.25,444.9,620
onc_ecog_date5_index_dd,numerical,85,Date_Difference,85,88,5164,0.9832444782939832,88,3,85,0.016755521706016754,0.010869565217391304,0.017081993569131832,229.61363636363637,230,229.6,0.03409090909090909,0.006212428351740528,0.0017420568148075076,0.03451,0.03451,0.74954,0.9514983333333334,NaN,119,133.8,156,193,285.5,340.99999999999994,378,21,58.800000000000004,98,169,330,479.80000000000007,696
onc_ecog_date6_index_dd,numerical,74,Date_Difference,74,77,5175,0.9853389185072353,77,3,74,0.014661081492764662,0.010869565217391304,0.01487138263665595,240.98701298701297,272.3333333333333,239.71621621621622,0.03896103896103896,0.004001817419264645,0.13534802856316103,0.07398,0.07398,0.52252,0.9514983333333334,NaN,147,173,212,277,335,369.79999999999995,393,25,59.599999999999994,110.75,188.5,348.75,516.1,666
onc_ecog_date7_index_dd,numerical,67,Date_Difference,67,69,5183,0.9868621477532369,69,3,66,0.013137852246763138,0.010869565217391304,0.013263665594855305,270.1304347826087,343.3333333333333,266.8030303030303,0.043478260869565216,0.0023941003774640007,0.28330870267132935,0.1124,0.1124,0.35781,0.9514983333333334,NaN,175,212.79999999999998,269.5,364,427.5,465.59999999999997,491,26,74.5,127.5,198.5,383.5,572,648
onc_ecog_date8_index_dd,numerical,55,Date_Difference,55,59,5193,0.9887661843107388,59,2,57,0.011233815689261234,0.007246376811594203,0.011454983922829582,275.271186440678,392.5,271.1578947368421,0.03389830508474576,0.004208607111235379,0.44080932273421075,0.12376,0.12376,0.35039,0.9514983333333334,NaN,203,240.90000000000003,297.75,392.5,487.25,544.1,582,27,78.2,132,207,387,547,720
onc_ecog_date9_index_dd,numerical,52,Date_Difference,52,51,5201,0.9902894135567403,51,2,49,0.00971058644325971,0.007246376811594203,0.00984726688102894,277.1764705882353,406.5,271.8979591836735,0.0392156862745098,0.0026008900694347364,0.48561856831017625,0.15784,0.15784,0.26863,0.9514983333333334,NaN,231,266.1,318.75,406.5,494.25,546.9,582,28,80.8,136,224,413,554.8000000000001,644
onc_free_testo1,numerical,43,NA,43,65,5187,0.9876237623762376,65,5,60,0.012376237623762377,0.018115942028985508,0.012057877813504822,6.49,5.024,6.612166666666667,0.07692307692307693,0.0060580642154806855,0.2447098099640473,0.10332,0.10332,0.41277,0.9514983333333334,NaN,0.52,0.632,0.8,1.7,2.5,12.759999999999994,19.6,0.03,0.2,0.27499999999999997,1.2,5.115,9.14,144.4
onc_free_testo2,numerical,13,NA,13,13,5239,0.9975247524752475,13,1,12,0.0024752475247524753,0.0036231884057971015,0.002411575562700965,4.275384615384615,1.5,4.506666666666667,0.07692307692307693,0.0012116128430961367,0.7032505697493103,-0.07726,0.07726,0.80192,0.9514983333333334,NaN,1.5,1.5,1.5,1.5,1.5,1.5,1.5,0.07,0.14600000000000002,0.2,3.035,8.65,10.03,11
onc_free_testo3,numerical,6,NA,6,5,5247,0.9990479817212491,5,1,4,9.52018278750952e-4,0.0036231884057971015,8.038585209003215e-4,3.902,0.5,4.7525,0.2,0.0028193298848967797,1.0898257303946695,-0.35355,0.35355,0.5594,0.9514983333333334,NaN,0.5,0.5,0.5,0.5,0.5,0.5,0.5,0.07,0.271,0.5724999999999999,1.4700000000000002,5.65,11.860000000000003,16
onc_free_testo_date1_index_dd,numerical,51,Date_Difference,51,65,5187,0.9876237623762376,60,5,55,0.011424219345011425,0.018115942028985508,0.011053054662379422,166.73333333333332,202.2,163.5090909090909,0.08333333333333333,0.007062887366606086,0.23205263349205774,0.02463,0.02463,0.84559,0.952027902097902,Inf,7,9.8,14,128,161,484.9999999999998,701,1,8.8,22,66,273,462.4000000000001,728
onc_free_testo_date2_index_dd,numerical,14,Date_Difference,14,13,5239,0.9975247524752475,13,1,12,0.0024752475247524753,0.0036231884057971015,0.002411575562700965,284.61538461538464,186,292.8333333333333,0.07692307692307693,0.0012116128430961367,0.37536036036036025,0,0,1,1,NaN,186,186,186,186,186,186,186,26,44.20000000000001,136,187,500.25,549.6,607
onc_free_testo_date3_index_dd,numerical,6,Date_Difference,6,5,5247,0.9990479817212491,5,1,4,9.52018278750952e-4,0.0036231884057971015,8.038585209003215e-4,358,281,377.25,0.2,0.0028193298848967797,0.26885474860335196,-0.35355,0.35355,0.5594,0.9514983333333334,NaN,281,281,281,281,281,281,281,56,149.9,290.75,412,498.5,576.8000000000001,629
onc_histology_adenocarcinoma,numerical,2,NA,2,5252,0,0,776,53,723,0.14775323686214775,0.19202898550724637,0.14529742765273312,1,1,1,0.06829896907216494,0.046731557854513245,0,0.02939,0.02939,0.03321,0.5940900000000001,1.398067345204647,1,1,1,1,1,1,1,1,1,1,1,1,1,1
onc_histology_adenocarcinoma_nos,numerical,2,NA,2,5252,0,0,319,16,303,0.06073876618431074,0.057971014492753624,0.06089228295819936,1,1,1,0.050156739811912224,0.002921268465445735,0,-0.00273,0.00273,0.84326,0.952027902097902,0.9490733688753491,1,1,1,1,1,1,1,1,1,1,1,1,1,1
onc_histology_carcinoma_nos,numerical,2,NA,2,5252,0,0,1,0,1,1.904036557501904e-4,0,2.0096463022508038e-4,1,NaN,1,0,2.0096463022508038e-4,NaN,-0.00325,0.00325,0.81384,0.9514983333333334,0,Inf,NA,NA,NA,NA,NA,-Inf,1,1,1,1,1,1,1
onc_histology_genitourinary_prostate_cancer,numerical,2,NA,2,5252,0,0,456,22,434,0.08682406702208682,0.07971014492753623,0.08721864951768489,1,1,1,0.04824561403508772,0.007508504590148665,0,-0.00595,0.00595,0.66639,0.9514983333333334,0.9064552414819116,1,1,1,1,1,1,1,1,1,1,1,1,1,1
onc_histology_small_cell,numerical,2,NA,2,5252,0,0,1,0,1,1.904036557501904e-4,0,2.0096463022508038e-4,1,NaN,1,0,2.0096463022508038e-4,NaN,-0.00325,0.00325,0.81384,0.9514983333333334,0,Inf,NA,NA,NA,NA,NA,-Inf,1,1,1,1,1,1,1
onc_histology_small_cell_carcinoma,numerical,2,NA,2,5252,0,0,2,0,2,3.808073115003808e-4,0,4.0192926045016077e-4,1,NaN,1,0,4.0192926045016077e-4,NaN,-0.0046,0.0046,0.7391,0.9514983333333334,0,Inf,NA,NA,NA,NA,NA,-Inf,1,1,1,1,1,1,1
onc_histology_small_cell_carcinoma_nos,numerical,2,NA,2,5252,0,0,3,0,3,5.712109672505713e-4,0,6.028938906752412e-4,1,NaN,1,0,6.028938906752412e-4,NaN,-0.00563,0.00563,0.68332,0.9514983333333334,0,Inf,NA,NA,NA,NA,NA,-Inf,1,1,1,1,1,1,1
onc_histology_transitional_cell_carcinoma,numerical,2,NA,2,5252,0,0,7,0,7,0.0013328255902513328,0,0.0014067524115755627,1,NaN,1,0,0.0014067524115755627,NaN,-0.0086,0.0086,0.53303,0.9514983333333334,0,Inf,NA,NA,NA,NA,NA,-Inf,1,1,1,1,1,1,1
onc_latest_gleason,numerical,10,NA,10,91,5161,0.9826732673267327,91,3,88,0.017326732673267328,0.010869565217391304,0.017684887459807074,7.945054945054945,6.666666666666667,7.988636363636363,0.03296703296703297,0.00681532224241577,0.16638899367115126,-0.13798,0.13798,0.19214,0.9514983333333334,NaN,4,4.8,6,8,8,8,8,2,6.700000000000001,8,8,9,9.299999999999997,10
onc_latest_gleason_date_index_dd,numerical,81,Date_Difference,81,91,5161,0.9826732673267327,86,3,83,0.016374714394516376,0.010869565217391304,0.016680064308681672,211.38372093023256,270.3333333333333,209.25301204819277,0.03488372093023256,0.005810499091290368,0.2889547076584018,0.08436,0.08436,0.4266,0.9514983333333334,Inf,60,96.39999999999999,151,242,375.5,455.59999999999997,509,1,24.6,55,146,334,458.19999999999993,704
onc_latest_m_date_index_dd,numerical,371,Date_Difference,371,809,4443,0.845963442498096,759,35,724,0.14451637471439452,0.12681159420289856,0.1454983922829582,190.532279314888,247.77142857142857,187.76519337016575,0.0461133069828722,0.01868679808005963,0.3149399955589257,0.06214,0.06214,0.07731,0.8297939999999999,1.1602209944751383,2,12.000000000000002,79.5,184,402,562.6,670,1,10,29.75,120,289.25,502.8000000000002,730
onc_latest_m_m0,numerical,2,NA,2,5252,0,0,548,21,527,0.10434120335110435,0.07608695652173914,0.10590836012861736,1,1,1,0.03832116788321168,0.029821403606878225,0,-0.02177,0.02177,0.11473,0.8795966666666667,0.6952338430628417,1,1,1,1,1,1,1,1,1,1,1,1,1,1
onc_latest_m_m1,numerical,2,NA,2,5252,0,0,74,2,72,0.01408987052551409,0.007246376811594203,0.014469453376205787,1,1,1,0.02702702702702703,0.007223076564611584,0,-0.01367,0.01367,0.32177,0.9514983333333334,0.49716139497161393,1,1,1,1,1,1,1,1,1,1,1,1,1,1
onc_latest_m_m1a,numerical,2,NA,2,5252,0,0,16,1,15,0.0030464584920030465,0.0036231884057971015,0.0030144694533762056,1,1,1,0.0625,6.087189524208959e-4,0,0.00246,0.00246,0.85827,0.9522219047619048,1.2026666666666666,1,1,1,1,1,1,1,1,1,1,1,1,1,1
onc_latest_m_m1b,numerical,2,NA,2,5252,0,0,145,12,133,0.02760853008377761,0.043478260869565216,0.02672829581993569,1,1,1,0.08275862068965517,0.016749965049629525,0,0.02281,0.02281,0.09834,0.8725395,1.6551606288448393,1,1,1,1,1,1,1,1,1,1,1,1,1,1
onc_latest_m_m1c,numerical,2,NA,2,5252,0,0,26,1,25,0.0049504950495049506,0.0036231884057971015,0.00502411575562701,1,1,1,0.038461538461538464,0.0014009273498299083,0,-0.00445,0.00445,0.74692,0.9514983333333334,0.7201454545454545,1,1,1,1,1,1,1,1,1,1,1,1,1,1
onc_latest_n_date_index_dd,numerical,297,Date_Difference,297,477,4775,0.9091774562071592,450,20,430,0.08568164508758568,0.07246376811594203,0.08641479099678456,222.95333333333335,252.55,221.5767441860465,0.044444444444444446,0.013951022880842531,0.1389225958225346,0.05781,0.05781,0.20752,0.9514983333333334,Inf,2,14.500000000000002,152.5,190,382.25,515.5,573,1,15,38,167.5,369.75,546.3000000000001,730
onc_latest_n_n0,numerical,2,NA,2,5252,0,0,253,12,241,0.04817212490479817,0.043478260869565216,0.048432475884244375,1,1,1,0.04743083003952569,0.004954215014679159,0,-0.00516,0.00516,0.70837,0.9514983333333334,0.8930592229347416,1,1,1,1,1,1,1,1,1,1,1,1,1,1
onc_latest_n_n0_i+,numerical,2,NA,2,5252,0,0,1,0,1,1.904036557501904e-4,0,2.0096463022508038e-4,1,NaN,1,0,2.0096463022508038e-4,NaN,-0.00325,0.00325,0.81384,0.9514983333333334,0,Inf,NA,NA,NA,NA,NA,-Inf,1,1,1,1,1,1,1
onc_latest_n_n0_i-,numerical,2,NA,2,5252,0,0,4,0,4,7.616146230007616e-4,0,8.038585209003215e-4,1,NaN,1,0,8.038585209003215e-4,NaN,-0.0065,0.0065,0.63757,0.9514983333333334,0,Inf,NA,NA,NA,NA,NA,-Inf,1,1,1,1,1,1,1
onc_latest_n_n1,numerical,2,NA,2,5252,0,0,153,5,148,0.02913175932977913,0.018115942028985508,0.0297427652733119,1,1,1,0.032679738562091505,0.01162682324432639,0,-0.01543,0.01543,0.26367,0.9514983333333334,0.6018749376682956,1,1,1,1,1,1,1,1,1,1,1,1,1,1
onc_latest_n_n1a,numerical,2,NA,2,5252,0,0,19,2,17,0.0036176694592536178,0.007246376811594203,0.0034163987138263667,1,1,1,0.10526315789473684,0.0038299780977678363,0,0.01423,0.01423,0.30236,0.9514983333333334,2.129240017174753,1,1,1,1,1,1,1,1,1,1,1,1,1,1
onc_latest_n_n1b,numerical,2,NA,2,5252,0,0,1,0,1,1.904036557501904e-4,0,2.0096463022508038e-4,1,NaN,1,0,2.0096463022508038e-4,NaN,-0.00325,0.00325,0.81384,0.9514983333333334,0,Inf,NA,NA,NA,NA,NA,-Inf,1,1,1,1,1,1,1
onc_latest_n_n1c,numerical,2,NA,2,5252,0,0,1,0,1,1.904036557501904e-4,0,2.0096463022508038e-4,1,NaN,1,0,2.0096463022508038e-4,NaN,-0.00325,0.00325,0.81384,0.9514983333333334,0,Inf,NA,NA,NA,NA,NA,-Inf,1,1,1,1,1,1,1
onc_latest_n_n1mi,numerical,2,NA,2,5252,0,0,1,0,1,1.904036557501904e-4,0,2.0096463022508038e-4,1,NaN,1,0,2.0096463022508038e-4,NaN,-0.00325,0.00325,0.81384,0.9514983333333334,0,Inf,NA,NA,NA,NA,NA,-Inf,1,1,1,1,1,1,1
onc_latest_n_n2,numerical,2,NA,2,5252,0,0,18,1,17,0.003427265803503427,0.0036231884057971015,0.0034163987138263667,1,1,1,0.05555555555555555,2.067896919707348e-4,0,7.9e-4,7.9e-4,0.95438,0.9977609090909091,1.0607486631016043,1,1,1,1,1,1,1,1,1,1,1,1,1,1
onc_latest_n_n2a,numerical,2,NA,2,5252,0,0,4,0,4,7.616146230007616e-4,0,8.038585209003215e-4,1,NaN,1,0,8.038585209003215e-4,NaN,-0.0065,0.0065,0.63757,0.9514983333333334,0,Inf,NA,NA,NA,NA,NA,-Inf,1,1,1,1,1,1,1
onc_latest_n_n2b,numerical,2,NA,2,5252,0,0,8,0,8,0.0015232292460015233,0,0.001607717041800643,1,NaN,1,0,0.001607717041800643,NaN,-0.0092,0.0092,0.5051,0.9514983333333334,0,Inf,NA,NA,NA,NA,NA,-Inf,1,1,1,1,1,1,1
onc_latest_n_n2c,numerical,2,NA,2,5252,0,0,3,0,3,5.712109672505713e-4,0,6.028938906752412e-4,1,NaN,1,0,6.028938906752412e-4,NaN,-0.00563,0.00563,0.68332,0.9514983333333334,0,Inf,NA,NA,NA,NA,NA,-Inf,1,1,1,1,1,1,1
onc_latest_n_n3,numerical,2,NA,2,5252,0,0,8,0,8,0.0015232292460015233,0,0.001607717041800643,1,NaN,1,0,0.001607717041800643,NaN,-0.0092,0.0092,0.5051,0.9514983333333334,0,Inf,NA,NA,NA,NA,NA,-Inf,1,1,1,1,1,1,1
onc_latest_n_n3a,numerical,2,NA,2,5252,0,0,1,0,1,1.904036557501904e-4,0,2.0096463022508038e-4,1,NaN,1,0,2.0096463022508038e-4,NaN,-0.00325,0.00325,0.81384,0.9514983333333334,0,Inf,NA,NA,NA,NA,NA,-Inf,1,1,1,1,1,1,1
onc_latest_stage_date_index_dd,numerical,1142,Date_Difference,1142,2030,3222,0.6134805788271135,1521,96,1425,0.2896039603960396,0.34782608695652173,0.28637459807073956,1191.84352399737,1457.03125,1173.9782456140351,0.0631163708086785,0.06145148888578217,0.2374917501222161,0.06249,0.06249,0.00485,0.18257400000000001,1.491291866028708,2,19.5,127.25,733,2337.25,3931,6502,1,16,50,321,1656,3594,20010
onc_latest_t_date_index_dd,numerical,285,Date_Difference,285,444,4808,0.9154607768469155,421,23,398,0.08015993907083016,0.08333333333333333,0.079983922829582,230.88598574821853,236.08695652173913,230.5854271356784,0.05463182897862233,0.0033494105037513294,0.02382790522444333,0.04044,0.04044,0.39529,0.9514983333333334,Inf,2,17.200000000000006,117,184,359.5,509.79999999999995,547,1,16,40.5,175,384.75,553.3,730
onc_latest_t_t0,numerical,2,NA,2,5252,0,0,7,0,7,0.0013328255902513328,0,0.0014067524115755627,1,NaN,1,0,0.0014067524115755627,NaN,-0.0086,0.0086,0.53303,0.9514983333333334,0,Inf,NA,NA,NA,NA,NA,-Inf,1,1,1,1,1,1,1
onc_latest_t_t1,numerical,2,NA,2,5252,0,0,37,2,35,0.007044935262757045,0.007246376811594203,0.0070337620578778135,1,1,1,0.05405405405405406,2.126147537163895e-4,0,5.7e-4,5.7e-4,0.96722,0.9988973248407643,1.0304483837330554,1,1,1,1,1,1,1,1,1,1,1,1,1,1
onc_latest_t_t1a,numerical,2,NA,2,5252,0,0,2,0,2,3.808073115003808e-4,0,4.0192926045016077e-4,1,NaN,1,0,4.0192926045016077e-4,NaN,-0.0046,0.0046,0.7391,0.9514983333333334,0,Inf,NA,NA,NA,NA,NA,-Inf,1,1,1,1,1,1,1
onc_latest_t_t1b,numerical,2,NA,2,5252,0,0,20,2,18,0.003808073115003808,0.007246376811594203,0.003617363344051447,1,1,1,0.1,0.003629013467542756,0,0.01315,0.01315,0.34079,0.9514983333333334,2.010543390105434,1,1,1,1,1,1,1,1,1,1,1,1,1,1
onc_latest_t_t1c,numerical,2,NA,2,5252,0,0,44,4,40,0.008377760853008377,0.014492753623188406,0.008038585209003215,1,1,1,0.09090909090909091,0.006454168414185191,0,0.0158,0.0158,0.25226,0.9514983333333334,1.8147058823529414,1,1,1,1,1,1,1,1,1,1,1,1,1,1
onc_latest_t_t2,numerical,2,NA,2,5252,0,0,51,3,48,0.00971058644325971,0.010869565217391304,0.00964630225080386,1,1,1,0.058823529411764705,0.0012232629665874448,0,0.00278,0.00278,0.84017,0.952027902097902,1.1282051282051282,1,1,1,1,1,1,1,1,1,1,1,1,1,1
onc_latest_t_t2a,numerical,2,NA,2,5252,0,0,24,0,24,0.00456968773800457,0,0.00482315112540193,1,NaN,1,0,0.00482315112540193,NaN,-0.01596,0.01596,0.24759,0.9514983333333334,0,Inf,NA,NA,NA,NA,NA,-Inf,1,1,1,1,1,1,1
onc_latest_t_t2b,numerical,2,NA,2,5252,0,0,30,2,28,0.0057121096725057125,0.007246376811594203,0.005627009646302251,1,1,1,0.06666666666666667,0.001619367165291952,0,0.00479,0.00479,0.7283,0.9514983333333334,1.2898852971845671,1,1,1,1,1,1,1,1,1,1,1,1,1,1
onc_latest_t_t2c,numerical,2,NA,2,5252,0,0,68,4,64,0.012947448591012947,0.014492753623188406,0.012861736334405145,1,1,1,0.058823529411764705,0.0016310172887832614,0,0.00322,0.00322,0.81557,0.9514983333333334,1.1286764705882353,1,1,1,1,1,1,1,1,1,1,1,1,1,1
onc_latest_t_t3,numerical,2,NA,2,5252,0,0,56,2,54,0.010662604722010662,0.007246376811594203,0.010852090032154342,1,1,1,0.03571428571428571,0.0036057132205601387,0,-0.00783,0.00783,0.57032,0.9514983333333334,0.6653149499864828,1,1,1,1,1,1,1,1,1,1,1,1,1,1
onc_latest_t_t3a,numerical,2,NA,2,5252,0,0,24,1,23,0.00456968773800457,0.0036231884057971015,0.004622186495176849,1,1,1,0.041666666666666664,9.989980893797472e-4,0,-0.00331,0.00331,0.81074,0.9514983333333334,0.7830830039525691,1,1,1,1,1,1,1,1,1,1,1,1,1,1
onc_latest_t_t3b,numerical,2,NA,2,5252,0,0,29,1,28,0.005521706016755522,0.0036231884057971015,0.005627009646302251,1,1,1,0.034482758620689655,0.0020038212405051495,0,-0.00603,0.00603,0.66198,0.9514983333333334,0.6425974025974025,1,1,1,1,1,1,1,1,1,1,1,1,1,1
onc_latest_t_t3c,numerical,2,NA,2,5252,0,0,1,0,1,1.904036557501904e-4,0,2.0096463022508038e-4,1,NaN,1,0,2.0096463022508038e-4,NaN,-0.00325,0.00325,0.81384,0.9514983333333334,0,Inf,NA,NA,NA,NA,NA,-Inf,1,1,1,1,1,1,1
onc_latest_t_t4,numerical,2,NA,2,5252,0,0,34,2,32,0.006473724295506474,0.007246376811594203,0.006430868167202572,1,1,1,0.058823529411764705,8.155086443916307e-4,0,0.00227,0.00227,0.86942,0.9522219047619048,1.1277372262773722,1,1,1,1,1,1,1,1,1,1,1,1,1,1
onc_latest_t_t4a,numerical,2,NA,2,5252,0,0,7,0,7,0.0013328255902513328,0,0.0014067524115755627,1,NaN,1,0,0.0014067524115755627,NaN,-0.0086,0.0086,0.53303,0.9514983333333334,0,Inf,NA,NA,NA,NA,NA,-Inf,1,1,1,1,1,1,1
onc_latest_t_t4b,numerical,2,NA,2,5252,0,0,2,0,2,3.808073115003808e-4,0,4.0192926045016077e-4,1,NaN,1,0,4.0192926045016077e-4,NaN,-0.0046,0.0046,0.7391,0.9514983333333334,0,Inf,NA,NA,NA,NA,NA,-Inf,1,1,1,1,1,1,1
onc_latest_t_tis,numerical,2,NA,2,5252,0,0,1,0,1,1.904036557501904e-4,0,2.0096463022508038e-4,1,NaN,1,0,2.0096463022508038e-4,NaN,-0.00325,0.00325,0.81384,0.9514983333333334,0,Inf,NA,NA,NA,NA,NA,-Inf,1,1,1,1,1,1,1
onc_latest_t_tis_dcis,numerical,2,NA,2,5252,0,0,5,0,5,9.52018278750952e-4,0,0.0010048231511254019,1,NaN,1,0,0.0010048231511254019,NaN,-0.00727,0.00727,0.59836,0.9514983333333334,0,Inf,NA,NA,NA,NA,NA,-Inf,1,1,1,1,1,1,1
onc_latest_t_tis_lcis,numerical,2,NA,2,5252,0,0,1,0,1,1.904036557501904e-4,0,2.0096463022508038e-4,1,NaN,1,0,2.0096463022508038e-4,NaN,-0.00325,0.00325,0.81384,0.9514983333333334,0,Inf,NA,NA,NA,NA,NA,-Inf,1,1,1,1,1,1,1
onc_psa1,numerical,860,NA,860,1195,4057,0.7724676313785225,1192,88,1104,0.22696115765422697,0.3188405797101449,0.22186495176848875,205.7011562751678,112.89272727272727,213.09892960144927,0.0738255033557047,0.09697562794165615,0.4871445748932763,0.07998,0.07998,0.00567,0.18257400000000001,Inf,0.0531,0.9447100000000002,4.180000000000001,17.405,85.9125,274.85,2e3,8e-5,0.1,1.0643,9.06,51.24250000000001,280.98000000000013,4e4
onc_psa10,numerical,78,NA,78,94,5158,0.9821020563594821,94,6,88,0.0178979436405179,0.021739130434782608,0.017684887459807074,41.54595106382979,36.022099999999995,41.922577272727274,0.06382978723404255,0.004054242974975534,0.1420229197223572,-0.01765,0.01765,0.86595,0.9522219047619048,NaN,0.0826,0.1413,0.275,4.375,29.737499999999997,103.55,170.2,9e-4,0.1,0.65,4.255000000000001,11.175,64.94999999999999,1079.8
onc_psa11,numerical,75,NA,75,80,5172,0.9847677075399848,80,6,74,0.015232292460015232,0.021739130434782608,0.01487138263665595,33.26748625,34.5961,33.15976081081081,0.075,0.006867747798126659,0.0431754650289873,0.01028,0.01028,0.92791,0.9932016339869281,NaN,0.0766,0.1383,0.8,4.8,38.125,98.85,149.2,7e-4,0.1,0.8,4.035,12.2575,67.54000000000002,760.5
onc_psa12,numerical,60,NA,60,64,5188,0.9878141660319878,64,5,59,0.012185833968012186,0.018115942028985508,0.011856913183279742,31.31771875,31.92242,31.266472881355934,0.078125,0.006259028845705766,0.020944920154634974,0.02994,0.02994,0.81429,0.9514983333333334,NaN,0.0521,0.11126,0.2,6,35.56,84.90399999999997,117.8,0.0059,0.1,0.75,4.2,12.32,32.54000000000002,760.5
onc_psa13,numerical,48,NA,48,50,5202,0.9904798172124905,50,4,46,0.00952018278750952,0.014492753623188406,0.009244372990353697,19.854546,17.342125,20.073017391304347,0.08,0.005248380632834709,0.13754494266977185,0.01022,0.01022,0.94385,0.9932016339869281,NaN,0.0385,0.14695000000000003,0.30962500000000004,13.965,30.997500000000002,37.239000000000004,41.4,0.0278,0.25,1.31825,3.5,13.7,30.135,287.9
onc_psa14,numerical,40,NA,40,40,5212,0.9923838537699924,40,4,36,0.007616146230007616,0.014492753623188406,0.007234726688102894,24.688115,10.16545,26.301744444444445,0.1,0.007258026935085512,0.6536057712160059,-0.05776,0.05776,0.72334,0.9514983333333334,NaN,0.0318,0.06726,0.12044999999999999,6.415,16.46,23.264000000000003,27.8,0.02,0.16,1.5500000000000003,3.58,13.317499999999999,24.025,405.2
onc_psa15,numerical,32,NA,32,33,5219,0.9937166793602438,33,4,29,0.006283320639756283,0.014492753623188406,0.005827974276527331,26.11070606060606,11.86945,28.07501724137931,0.12121212121212122,0.008664779346661076,0.6206483732674352,-0.1024,0.1024,0.57067,0.9514983333333334,NaN,0.0378,0.05646,0.08445000000000001,2.27,14.055,31.36200000000001,42.9,0.02,0.0956,0.917,3.47,10.77,23.339999999999996,407.8
onc_psa16,numerical,24,NA,24,23,5229,0.9956207159177456,23,3,20,0.004379284082254379,0.010869565217391304,0.0040192926045016075,35.522769565217395,23.101566666666663,37.38595,0.13043478260869565,0.006850272612889697,0.40211907765547894,-0.03892,0.03892,0.86003,0.9522219047619048,NaN,0.0347,0.5617599999999999,1.35235,2.67,34.635,53.813999999999986,66.6,0.02,0.09640000000000001,1.45625,6.645,14.479999999999999,49.627000000000415,313.3
onc_psa17,numerical,20,NA,20,20,5232,0.9961919268849961,20,3,17,0.003808073115003808,0.010869565217391304,0.0034163987138263667,83.506065,5.521766666666666,97.268,0.15,0.007453166503564937,1.098677483286194,-0.10932,0.10932,0.64639,0.9514983333333334,NaN,0.0353,0.5942399999999999,1.43265,2.83,8.265,11.525999999999998,13.7,0.02,0.0864,0.4,5.75,23.63,282.9,976.75
onc_psa18,numerical,14,NA,14,13,5239,0.9975247524752475,13,2,11,0.0024752475247524753,0.007246376811594203,0.0022106109324758843,93.88362307692307,9.36355,109.25090909090909,0.15384615384615385,0.005035765879118319,1.063948703908315,-0.22792,0.22792,0.4539,0.9514983333333334,NaN,0.0271,1.8943900000000016,4.6953249999999995,9.36355,14.031774999999998,16.83271,18.7,0.1,0.12,2.6,6.75,33.365,179.7,928.84
onc_psa19,numerical,8,NA,8,7,5245,0.9986671744097486,7,2,5,0.0013328255902513328,0.007246376811594203,0.0010048231511254019,17.96747142857143,6.361149999999999,22.61,0.2857142857142857,0.0062415536604688016,0.9043481752341335,-0.31623,0.31623,0.48959,0.9514983333333334,NaN,0.0223,1.2900700000000012,3.191725,6.361149999999999,9.530574999999999,11.432229999999999,12.7,0.1,1.0599999999999998,2.5,6.46,26.75,57.04399999999998,77.24
onc_psa2,numerical,477,NA,477,618,4634,0.8823305407463823,617,44,573,0.11747905559786748,0.15942028985507245,0.11515273311897106,93.10427223662884,46.375502272727275,96.69251984293194,0.0713128038897893,0.04426755673610139,0.5404372577267091,0.04649,0.04649,0.24851,0.9514983333333334,Inf,0.0618,0.3374,2.4,9.75,34.33,89.45800000000003,838.4,8e-5,0.1,0.86,6.23,29.3,161.99200000000036,7761.79
onc_psa20,numerical,8,NA,8,7,5245,0.9986671744097486,7,2,5,0.0013328255902513328,0.007246376811594203,0.0010048231511254019,23.705542857142856,4.8094,31.264,0.2857142857142857,0.0062415536604688016,1.1159668504291944,-0.31623,0.31623,0.48959,0.9514983333333334,NaN,0.0188,0.9769200000000009,2.4141,4.8094,7.204699999999999,8.641879999999999,9.6,0.1,2.1639999999999997,5.26,5.6,23.44,82.52799999999996,121.92
onc_psa21,numerical,6,NA,6,5,5247,0.9990479817212491,5,2,3,9.52018278750952e-4,0.007246376811594203,6.028938906752412e-4,6.89302,3.55755,9.116666666666667,0.4,0.006643482920918962,0.8064849175929661,-0.28868,0.28868,0.63762,0.9514983333333334,NaN,0.0151,0.7235900000000006,1.786325,3.55755,5.328774999999999,6.3915099999999985,7.1,0.1,0.9799999999999998,2.3,4.5,13.625,19.099999999999998,22.75
onc_psa22,numerical,6,NA,6,5,5247,0.9990479817212491,5,2,3,9.52018278750952e-4,0.007246376811594203,6.028938906752412e-4,6.96212,2.7053000000000003,9.8,0.4,0.006643482920918962,1.0190430501054277,-0.28868,0.28868,0.63762,0.9514983333333334,NaN,0.0106,0.5495400000000005,1.35795,2.7053000000000003,4.052650000000001,4.861059999999999,5.4,0.1,0.9899999999999998,2.3249999999999997,4.55,14.65,20.709999999999997,24.75
onc_psa23,numerical,5,NA,5,4,5248,0.9992383853769993,4,2,2,7.616146230007616e-4,0.007246376811594203,4.0192926045016077e-4,2.127225,1.8544500000000002,2.4,0.5,0.006844447551144042,0.256460882135176,-0.44721,0.44721,0.55279,0.9514983333333334,NaN,0.0089,0.37801000000000035,0.931675,1.8544500000000002,2.7772250000000005,3.3308899999999997,3.7,0.1,0.5600000000000004,1.25,2.4,3.5500000000000003,4.239999999999999,4.7
onc_psa24,numerical,5,NA,5,4,5248,0.9992383853769993,4,2,2,7.616146230007616e-4,0.007246376811594203,4.0192926045016077e-4,3.5566750000000003,1.95335,5.16,0.5,0.006844447551144042,0.9015864536399868,-0.44721,0.44721,0.55279,0.9514983333333334,NaN,0.0067,0.3960300000000003,0.9800249999999999,1.95335,2.926675,3.5106699999999997,3.9,0.1,1.112000000000001,2.6300000000000003,5.16,7.690000000000001,9.208,10.22
onc_psa25,numerical,4,NA,4,3,5249,0.9994287890327495,3,2,1,5.712109672505713e-4,0.007246376811594203,2.0096463022508038e-4,4.292133333333333,1.2532,10.37,0.6666666666666666,0.007045412181369123,2.1240719455748502,-0.86603,0.86603,0.33333,0.9514983333333334,NaN,0.0064,0.2557600000000002,0.6298,1.2532,1.8766,2.25064,2.5,10.37,10.37,10.37,10.37,10.37,10.37,10.37
onc_psa3,numerical,350,NA,350,453,4799,0.9137471439451638,453,35,418,0.08625285605483625,0.12681159420289856,0.0840032154340836,69.95484437086093,54.077151428571426,71.28431626794259,0.0772626931567329,0.042808378768814964,0.2459753144206644,0.04065,0.04065,0.38801,0.9514983333333334,NaN,0.0777,0.34792,1.76,5.8,21.7,79.50600000000006,1109.2,1e-4,0.1,0.86325,5.265000000000001,22.445,106.25000000000001,5158
onc_psa4,numerical,284,NA,284,364,4888,0.9306930693069307,364,27,337,0.06930693069306931,0.09782608695652174,0.0677250803858521,68.59252335164835,22.47450740740741,72.28743857566765,0.07417582417582418,0.03010100657066965,0.7262151723576034,0.0661,0.0661,0.20833,0.9514983333333334,NaN,0.2479,0.6779999999999999,2.2,6,18.895000000000003,59.06000000000001,214.5,1e-4,0.1,0.6,4.3,18.85,98.4960000000001,5158
onc_psa5,numerical,236,NA,236,300,4952,0.9428789032749428,300,23,277,0.05712109672505712,0.08333333333333333,0.055667202572347266,70.54802133333334,29.39796956521739,73.96481263537906,0.07666666666666666,0.027666130760986063,0.6317235016356754,0.0837,0.0837,0.14813,0.9514983333333334,NaN,0.1612,0.3536800000000001,2.925,7.05,31.65,79.06000000000002,177.7,1e-4,0.1,0.6805,3.94,16.4,89.09600000000003,5662
onc_psa6,numerical,200,NA,200,248,5004,0.9527798933739527,248,20,228,0.04722010662604722,0.07246376811594203,0.04581993569131833,81.52564919354839,130.93935,77.19111403508772,0.08064516129032258,0.026643832424623703,0.6592800731621243,0.09754,0.09754,0.12553,0.9186513636363637,NaN,0.0382,0.22592,3.225,6.9,37.1,105.25000000000026,2015.3,7e-4,0.1,0.41500000000000004,3.8,16.75,92.92000000000002,5662
onc_psa7,numerical,167,NA,167,203,5049,0.9613480578827114,202,14,188,0.038461538461538464,0.050724637681159424,0.03778135048231511,49.2233702970297,62.21252142857143,48.256093085106386,0.06930693069306931,0.012943287198844314,0.2835325630741546,0.06719,0.06719,0.34084,0.9514983333333334,Inf,0.0164,0.18523,0.7225,7.945,51.55,58.81,627.1,5e-4,0.1,0.36750000000000005,3.31,13.0775,72.56000000000003,1987.9
onc_psa8,numerical,135,NA,135,166,5086,0.9683929931454683,165,12,153,0.031416603198781416,0.043478260869565216,0.0307475884244373,85.18354121212121,57.743024999999996,87.3357385620915,0.07272727272727272,0.012730672445127916,0.3473994288215927,0.04588,0.04588,0.55723,0.9514983333333334,Inf,0.1163,0.22000000000000003,0.4,4.52,30.65,97.13,479.9,0.0017,0.1,0.41,3.7,11.5,66.56000000000003,4771.1
onc_psa9,numerical,102,NA,102,117,5135,0.9777227722772277,117,9,108,0.022277227722772276,0.03260869565217391,0.021704180064308683,33.08870085470085,39.823966666666664,32.527428703703706,0.07692307692307693,0.010904515587865229,0.2205144890699555,0.00997,0.00997,0.91501,0.9887020805369129,NaN,0.0957,0.17914000000000002,0.6,1.6,11.74,117.95999999999988,249.4,0.0015,0.1,0.5,3.6950000000000003,13.6675,54.779999999999994,656.9
onc_psa_date10_index_dd,numerical,80,Date_Difference,80,94,5158,0.9821020563594821,94,6,88,0.0178979436405179,0.021739130434782608,0.017684887459807074,438.6808510638298,333.8333333333333,445.82954545454544,0.06382978723404255,0.004054242974975534,0.2553022586912877,-0.1957,0.1957,0.05872,0.67528,NaN,241,251.5,263.75,276,340,474,589,134,262,314,427,568.75,646.2,714
onc_psa_date11_index_dd,numerical,75,Date_Difference,75,80,5172,0.9847677075399848,80,6,74,0.015232292460015232,0.021739130434782608,0.01487138263665595,474.3625,381.3333333333333,481.9054054054054,0.075,0.006867747798126659,0.21201522479553528,-0.18086,0.18086,0.10839,0.8725395,NaN,268,278,290.5,304.5,394.25,561.5,701,155,289.70000000000005,346.5,467.5,620,678.4000000000001,724
onc_psa_date12_index_dd,numerical,60,Date_Difference,60,64,5188,0.9878141660319878,64,5,59,0.012185833968012186,0.018115942028985508,0.011856913183279742,484.453125,331.6,497.40677966101697,0.078125,0.006259028845705766,0.34225556840203464,-0.32307,0.32307,0.00922,0.24740333333333334,NaN,287,289.4,293,298,337,400.59999999999997,443,176,327,381,485,623.5,693,721
onc_psa_date13_index_dd,numerical,45,Date_Difference,45,50,5202,0.9904798172124905,50,4,46,0.00952018278750952,0.014492753623188406,0.009244372990353697,500.92,382.25,511.2391304347826,0.08,0.005248380632834709,0.25750445267664024,-0.27846,0.27846,0.05022,0.6394176923076924,NaN,310,314.5,321.25,346,407,479,527,197,341,414.75,499.5,623.5,700,729
onc_psa_date14_index_dd,numerical,37,Date_Difference,37,40,5212,0.9923838537699924,40,4,36,0.007616146230007616,0.014492753623188406,0.007234726688102894,517.625,439.75,526.2777777777778,0.1,0.007258026935085512,0.16716305776919166,-0.23106,0.23106,0.15144,0.9514983333333334,NaN,349,362.5,382.75,399.5,456.5,549.2,611,218,372,454.75,513,627.75,686.5,730
onc_psa_date15_index_dd,numerical,32,Date_Difference,32,33,5219,0.9937166793602438,33,4,29,0.006283320639756283,0.014492753623188406,0.005827974276527331,548.8787878787879,496.5,556.1034482758621,0.12121212121212122,0.008664779346661076,0.10859127660263065,-0.17555,0.17555,0.32848,0.9514983333333334,NaN,370,388,415,457,538.5,636.6,702,332,404.8,512,553,639,684.6,726
onc_psa_date16_index_dd,numerical,23,Date_Difference,23,23,5229,0.9956207159177456,23,3,20,0.004379284082254379,0.010869565217391304,0.0040192926045016075,537.4347826086956,470.6666666666667,547.45,0.13043478260869565,0.006850272612889697,0.14287004827009686,-0.23361,0.23361,0.28336,0.9514983333333334,NaN,377,393.8,419,461,517.5,551.4,574,353,421.8,491,551.5,611.5,670.6,710
onc_psa_date17_index_dd,numerical,21,Date_Difference,21,20,5232,0.9961919268849961,20,3,17,0.003808073115003808,0.010869565217391304,0.0034163987138263667,570.25,521.3333333333334,578.8823529411765,0.15,0.007453166503564937,0.10091892960603786,-0.15785,0.15785,0.50628,0.9514983333333334,NaN,397,415.4,443,489,583.5,640.1999999999999,678,374,461.6,469,588,650,696.8,723
onc_psa_date18_index_dd,numerical,14,Date_Difference,14,13,5239,0.9975247524752475,13,2,11,0.0024752475247524753,0.007246376811594203,0.0022106109324758843,555.4615384615385,458.5,573.0909090909091,0.15384615384615385,0.005035765879118319,0.20629854842567769,-0.2849,0.2849,0.34544,0.9514983333333334,NaN,400,411.7,429.25,458.5,487.75,505.3,517,395,461,492,539,701,715,723
onc_psa_date19_index_dd,numerical,8,Date_Difference,8,7,5245,0.9986671744097486,7,2,5,0.0013328255902513328,0.007246376811594203,0.0010048231511254019,518.4285714285714,487.5,530.8,0.2857142857142857,0.0062415536604688016,0.08352163130338927,-0.31623,0.31623,0.48959,0.9514983333333334,NaN,430,441.5,458.75,487.5,516.25,533.5,545,408,453.2,521,546,570,593.4,609
onc_psa_date1_index_dd,numerical,228,Date_Difference,228,1195,4057,0.7724676313785225,792,54,738,0.1507996953541508,0.1956521739130435,0.14831189710610931,76.61489898989899,93.55555555555556,75.37533875338754,0.06818181818181818,0.04734027680693417,0.2372934904549691,-0.04711,0.04711,0.10356,0.8725395,0.7941176470588235,1,1.3000000000000007,7,14,82.25,392.60000000000036,718,1,5,9.25,23,73.75,213.8000000000004,704
onc_psa_date20_index_dd,numerical,7,Date_Difference,7,7,5245,0.9986671744097486,7,2,5,0.0013328255902513328,0.007246376811594203,0.0010048231511254019,543.7142857142857,512,556.4,0.2857142857142857,0.0062415536604688016,0.08166053599579608,-0.15954,0.15954,0.73258,0.9514983333333334,NaN,451,463.20000000000005,481.5,512,542.5,560.8,573,449,487.79999999999995,546,546,600,624.6,641
onc_psa_date21_index_dd,numerical,6,Date_Difference,6,5,5247,0.9990479817212491,5,2,3,9.52018278750952e-4,0.007246376811594203,6.028938906752412e-4,590.4,540,624,0.4,0.006643482920918962,0.14227642276422764,-0.57735,0.57735,0.30807,0.9514983333333334,NaN,479,491.20000000000005,509.5,540,570.5,588.8000000000001,601,574,585,601.5,629,649,661,669
onc_psa_date22_index_dd,numerical,6,Date_Difference,6,5,5247,0.9990479817212491,5,2,3,9.52018278750952e-4,0.007246376811594203,6.028938906752412e-4,616.2,573.5,644.6666666666666,0.4,0.006643482920918962,0.11549280536622301,-0.28868,0.28868,0.63762,0.9514983333333334,NaN,514,525.9,543.75,573.5,603.25,621.1,633,606,610.6,617.5,629,664,685,699
onc_psa_date23_index_dd,numerical,5,Date_Difference,5,4,5248,0.9992383853769993,4,2,2,7.616146230007616e-4,0.007246376811594203,4.0192926045016077e-4,632.75,601.5,664,0.5,0.006844447551144042,0.09877518767285658,-0.44721,0.44721,0.55279,0.9514983333333334,NaN,542,553.9,571.75,601.5,631.25,649.1,661,643,647.2,653.5,664,674.5,680.8,685
onc_psa_date24_index_dd,numerical,5,Date_Difference,5,4,5248,0.9992383853769993,4,2,2,7.616146230007616e-4,0.007246376811594203,4.0192926045016077e-4,652.25,629.5,675,0.5,0.006844447551144042,0.0697585281717133,0,0,1,1,NaN,570,581.9000000000001,599.75,629.5,659.25,677.0999999999999,689,665,667,670,675,680,683,685
onc_psa_date25_index_dd,numerical,4,Date_Difference,4,3,5249,0.9994287890327495,3,2,1,5.712109672505713e-4,0.007246376811594203,2.0096463022508038e-4,671.6666666666666,659,697,0.6666666666666666,0.007045412181369123,0.056575682382134,0,0,1,1,NaN,598,610.2,628.5,659,689.5,707.8,720,697,697,697,697,697,697,697
onc_psa_date2_index_dd,numerical,252,Date_Difference,252,618,4634,0.8823305407463823,599,42,557,0.11405178979436405,0.15217391304347827,0.11193729903536978,132.79465776293824,137.47619047619048,132.44165170556553,0.07011686143572621,0.04023661400810849,0.03791220863426963,-0.04741,0.04741,0.23927,0.9514983333333334,0.6409335727109515,14,23.500000000000004,31,63,134,471.99999999999994,630,2,25,40,84,161,299.2000000000003,722
onc_psa_date3_index_dd,numerical,265,Date_Difference,265,453,4799,0.9137471439451638,453,35,418,0.08625285605483625,0.12681159420289856,0.0840032154340836,191.01324503311258,207.28571428571428,189.65071770334927,0.0772626931567329,0.042808378768814964,0.0923234228040466,0.00702,0.00702,0.88159,0.9590269594594595,NaN,31,52.2,84.5,147,272,443.4000000000001,701,18,55.7,80,146,250,379.80000000000007,729
onc_psa_date4_index_dd,numerical,251,Date_Difference,251,364,4888,0.9306930693069307,364,27,337,0.06930693069306931,0.09782608695652174,0.0677250803858521,240.4835164835165,237.44444444444446,240.72700296735906,0.07417582417582418,0.03010100657066965,0.013649827526285343,-0.02574,0.02574,0.62449,0.9514983333333334,NaN,31,74.6,104.5,202,305.5,409.8000000000003,722,18,84,121,207,315,454.40000000000003,723
onc_psa_date5_index_dd,numerical,218,Date_Difference,218,300,4952,0.9428789032749428,300,23,277,0.05712109672505712,0.08333333333333333,0.055667202572347266,281.97333333333336,257.60869565217394,283.99638989169677,0.07666666666666666,0.027666130760986063,0.09358223321185039,-0.03855,0.03855,0.50589,0.9514983333333334,NaN,59,88.60000000000001,118.5,259,350,435.00000000000006,531,42,112,172,246,371,535.6,728
onc_psa_date6_index_dd,numerical,197,Date_Difference,197,248,5004,0.9527798933739527,248,20,228,0.04722010662604722,0.07246376811594203,0.04581993569131833,325.01612903225805,304.1,326.85087719298247,0.08064516129032258,0.026643832424623703,0.06999922514837534,-0.05233,0.05233,0.4119,0.9514983333333334,NaN,59,104.9,141.25,260,468,532.6,630,49,140,199,299.5,441,572.6,715
onc_psa_date7_index_dd,numerical,168,Date_Difference,168,203,5049,0.9613480578827114,203,14,189,0.03865194211728865,0.050724637681159424,0.037982315112540195,372.320197044335,319.42857142857144,376.23809523809524,0.06896551724137931,0.012742322568619228,0.15258243914916886,-0.09637,0.09637,0.17137,0.9514983333333334,NaN,101,131.6,165.75,234,508,559.6999999999999,589,89,181.60000000000002,238,366,489,595.6000000000001,720
onc_psa_date8_index_dd,numerical,137,Date_Difference,137,166,5086,0.9683929931454683,166,12,154,0.031607006854531605,0.043478260869565216,0.03094855305466238,408.4156626506024,360.8333333333333,412.1233766233766,0.07228915662650602,0.012529707814902837,0.12558294889371485,-0.08326,0.08326,0.28623,0.9514983333333334,NaN,101,193.4,221.75,241,516.25,654.7,673,91,208.20000000000002,279.25,418.5,536.25,642.4,713
onc_psa_date9_index_dd,numerical,104,Date_Difference,104,117,5135,0.9777227722772277,117,9,108,0.022277227722772276,0.03260869565217391,0.021704180064308683,428.4102564102564,367.55555555555554,433.48148148148147,0.07692307692307693,0.010904515587865229,0.15388503178783283,-0.11824,0.11824,0.20419,0.9514983333333334,NaN,212,229.60000000000002,255,272,545,615.8,619,116,243.8,294,431,559.25,629.2,729
onc_tnm_date_index_dd,numerical,372,Date_Difference,372,818,4434,0.8442498095963442,768,36,732,0.14623000761614624,0.13043478260869565,0.14710610932475884,189.73177083333334,251.22222222222223,186.70765027322403,0.046875,0.016671326716063195,0.34003041064572115,0.06807,0.06807,0.05163,0.6394176923076924,1.180327868852459,2,12.5,88.75,186,396.5,560,670,1,10,30,119,287,499.9,730
onc_total_testo1,numerical,145,NA,145,304,4948,0.9421172886519421,304,26,278,0.057882711348057884,0.09420289855072464,0.055868167202572344,105.06582236842105,34.54692307692308,111.66111510791367,0.08552631578947369,0.038334731348152296,0.7339607713780033,-0.11695,0.11695,0.04159,0.6087263636363637,NaN,0.3,3,5.33,11.85,20,43,404,0.1,3,7,20,145.75,410.20000000000005,1120
onc_total_testo10,numerical,4,NA,4,3,5249,0.9994287890327495,3,0,3,5.712109672505713e-4,0,6.028938906752412e-4,121.66666666666667,NaN,121.66666666666667,0,6.028938906752412e-4,NaN,NA,NA,NA,NA,NaN,Inf,NA,NA,NA,NA,NA,-Inf,29,31.8,36,43,168,242.99999999999994,293
onc_total_testo2,numerical,70,NA,70,110,5142,0.9790555978674791,110,9,101,0.020944402132520943,0.03260869565217391,0.020297427652733117,130.13690909090909,78.27777777777777,134.7580198019802,0.08181818181818182,0.012311267999440795,0.43400632778781695,-0.02775,0.02775,0.77353,0.9514983333333334,NaN,2.5,2.9000000000000004,8,20,138,214.39999999999992,288,0.2,3,5.51,20,238,489,991
onc_total_testo3,numerical,45,NA,45,61,5191,0.9883853769992383,61,6,55,0.011614623000761614,0.021739130434782608,0.011053054662379422,127.83655737704917,88.06666666666666,132.1750909090909,0.09836065573770492,0.010686075772403186,0.34503764140274895,-0.11114,0.11114,0.3938,0.9514983333333334,NaN,3,5,7.25,10.5,160.3,248.7,288,1,3,12,26,235,429.98,759
onc_total_testo4,numerical,36,NA,36,43,5209,0.9918126428027418,43,5,38,0.008187357197258188,0.018115942028985508,0.007636655948553055,108.87162790697674,134.236,105.53421052631579,0.11627906976744186,0.010479286080432453,0.2636296528808028,0.00293,0.00293,0.98514,1,NaN,3,3.872,5.18,24,275,328.4,364,1,3,11.75,31,115.25,271.70000000000095,759
onc_total_testo5,numerical,26,NA,26,31,5221,0.9940974866717441,31,5,26,0.005902513328255902,0.018115942028985508,0.00522508038585209,105.6,80.3,110.46538461538462,0.16129032258064516,0.012890861643133418,0.2856570512820514,-0.06379,0.06379,0.73317,0.9514983333333334,NaN,2.5,3.0999999999999996,4,60,134,174.2,201,2.5,3,8.75,41.5,89,283.8,801
onc_total_testo6,numerical,18,NA,18,23,5229,0.9956207159177456,23,4,19,0.004379284082254379,0.014492753623188406,0.0038183279742765273,111.31695652173913,112.5,111.0678947368421,0.17391304347826086,0.010674425648911879,0.012865113347562797,0.07801,0.07801,0.72349,0.9514983333333334,NaN,8,11.600000000000001,17,100,195.5,223.4,242,3,3,8.645,23,83,303.5999999999999,801
onc_total_testo7,numerical,15,NA,15,16,5236,0.996953541507997,16,3,13,0.0030464584920030465,0.010869565217391304,0.002612540192926045,84.21875,209,55.42307692307692,0.1875,0.008257025024465259,1.8235478806907381,0.43549,0.43549,0.09179,0.8725395,NaN,20,65.79999999999998,134.5,249,303.5,336.2,358,2.5,3.8000000000000007,11,20,54,179.6000000000001,223
onc_total_testo8,numerical,10,NA,10,9,5243,0.9982863670982483,9,0,9,0.0017136329017517135,0,0.0018086816720257234,109.88888888888889,NaN,109.88888888888889,0,0.0018086816720257234,NaN,NA,NA,NA,NA,NaN,Inf,NA,NA,NA,NA,NA,-Inf,8,10.4,23,38,53,301.5999999999998,544
onc_total_testo9,numerical,9,NA,9,8,5244,0.9984767707539984,8,0,8,0.0015232292460015233,0,0.001607717041800643,174.25,NaN,174.25,0,0.001607717041800643,NaN,NA,NA,NA,NA,NaN,Inf,NA,NA,NA,NA,NA,-Inf,9,10.4,23.75,44,264.25,456.69999999999993,659
onc_total_testo_date10_index_dd,numerical,4,Date_Difference,4,3,5249,0.9994287890327495,3,0,3,5.712109672505713e-4,0,6.028938906752412e-4,372,NaN,372,0,6.028938906752412e-4,NaN,NA,NA,NA,NA,NaN,Inf,NA,NA,NA,NA,NA,-Inf,189,215.2,254.5,320,463.5,549.5999999999999,607
onc_total_testo_date1_index_dd,numerical,161,Date_Difference,161,304,4948,0.9421172886519421,243,20,223,0.04626808834729627,0.07246376811594203,0.04481511254019293,154.88477366255145,166.4,153.85201793721973,0.0823045267489712,0.027648655575749102,0.08101494915257877,0.02369,0.02369,0.68081,0.9514983333333334,0.8221225710014948,7,14,51.75,116.5,266.25,321.5000000000002,701,1,7,16,78,232,439.20000000000005,728
onc_total_testo_date2_index_dd,numerical,95,Date_Difference,95,110,5142,0.9790555978674791,106,8,98,0.020182787509520184,0.028985507246376812,0.01969453376205788,224.31132075471697,233.75,223.5408163265306,0.07547169811320754,0.009290973484318933,0.045513457096679824,0.00313,0.00313,0.97408,0.9988973248407643,0.24489795918367346,7,39.90000000000001,122.25,260.5,331.25,385.4,468,7,29.700000000000003,70.25,167.5,313,539,721
onc_total_testo_date3_index_dd,numerical,57,Date_Difference,57,61,5191,0.9883853769992383,61,6,55,0.011614623000761614,0.021739130434782608,0.011053054662379422,295.9016393442623,293.8333333333333,296.1272727272727,0.09836065573770492,0.010686075772403186,0.0077523713590196145,0.01094,0.01094,0.93329,0.9932016339869281,NaN,68,127,198.5,285.5,435.5,469,469,30,101.4,184,251,380,577.6,724
onc_total_testo_date4_index_dd,numerical,40,Date_Difference,40,43,5209,0.9918126428027418,43,5,38,0.008187357197258188,0.018115942028985508,0.007636655948553055,312.6511627906977,302.4,314,0.11627906976744186,0.010479286080432453,0.03710205296042851,-0.00585,0.00585,0.97031,0.9988973248407643,NaN,82,123.6,186,327,412,467.79999999999995,505,35,103.5,198.25,305.5,412.5,552.7000000000002,685
onc_total_testo_date5_index_dd,numerical,31,Date_Difference,31,31,5221,0.9940974866717441,31,5,26,0.005902513328255902,0.018115942028985508,0.00522508038585209,381.2903225806452,388.8,379.84615384615387,0.16129032258064516,0.012890861643133418,0.023483014447481423,0.04903,0.04903,0.79336,0.9514983333333334,NaN,105,175.39999999999998,281,503,510,531,545,69,150.5,291.5,399.5,471,565,603
onc_total_testo_date6_index_dd,numerical,24,Date_Difference,24,23,5229,0.9956207159177456,23,4,19,0.004379284082254379,0.014492753623188406,0.0038183279742765273,420.30434782608694,561.25,390.63157894736844,0.17391304347826086,0.010674425648911879,0.4059401762915616,0.46691,0.46691,0.0247,0.54719875,NaN,411,464.4,544.5,602,618.75,625.5,630,79,161.6,292,430,519,560.6,603
onc_total_testo_date7_index_dd,numerical,17,Date_Difference,17,16,5236,0.996953541507997,16,3,13,0.0030464584920030465,0.010869565217391304,0.002612540192926045,462.625,597.6666666666666,431.46153846153845,0.1875,0.008257025024465259,0.3592653406217307,0.36474,0.36474,0.16483,0.9514983333333334,NaN,411,465,546,681,691,697,701,105,186.20000000000002,333,474,602,655.4,702
onc_total_testo_date9_index_dd,numerical,9,Date_Difference,9,8,5244,0.9984767707539984,8,0,8,0.0015232292460015233,0,0.001607717041800643,421.625,NaN,421.625,0,0.001607717041800643,NaN,NA,NA,NA,NA,NaN,Inf,NA,NA,NA,NA,NA,-Inf,161,235.2,285.75,408.5,575,635.3,650
stage_i,numerical,2,NA,2,5252,0,0,22,2,20,0.004188880426504189,0.007246376811594203,0.0040192926045016075,1,1,1,0.09090909090909091,0.0032270842070925955,0,0.01115,0.01115,0.41919,0.9514983333333334,1.8087591240875913,1,1,1,1,1,1,1,1,1,1,1,1,1,1
stage_ii,numerical,2,NA,2,5252,0,0,188,13,175,0.0357958872810358,0.04710144927536232,0.03516881028938907,1,1,1,0.06914893617021277,0.01193263898597325,0,0.01433,0.01433,0.29906,0.9514983333333334,1.3560673546985336,1,1,1,1,1,1,1,1,1,1,1,1,1,1
stage_iii,numerical,2,NA,2,5252,0,0,103,7,96,0.019611576542269613,0.025362318840579712,0.01929260450160772,1,1,1,0.06796116504854369,0.006069714338971993,0,0.00977,0.00977,0.47913,0.9514983333333334,1.3228004956629493,1,1,1,1,1,1,1,1,1,1,1,1,1,1
stage_iv,numerical,2,NA,2,5252,0,0,1717,96,1621,0.3269230769230769,0.34782608695652173,0.3257636655948553,1,1,1,0.05591147350029121,0.022062421361666418,0,0.01049,0.01049,0.44702,0.9514983333333334,1.1038453629446843,1,1,1,1,1,1,1,1,1,1,1,1,1,1
